{"TableId":18,"TableName":"Customer","PageNo":1,"FieldIDs":[1,50000,50001,50002],"FieldNames":["No.","Additional Code","Additional Description","Additional Ref. No."],"Records":[["01121212","","","0"],["01445544","","","0"],["01454545","","","0"],["01905893","","","0"],["01905899","","","0"],["01905902","","","0"],["10000","A1000","Cannon Group 2","1"],["20000","A2000","Grafiche magiche 2","2"],["20309920","","","0"],["20312912","","","0"],["20339921","","","0"],["21233572","","","0"],["21245278","","","0"],["21252947","","","0"],["27090917","","","0"],["27321782","","","0"],["27489991","","","0"],["30000","A3000","Rotadent ingranaggi 2","3"],["31505050","","","0"],["31669966","","","0"],["31987987","","","0"],["32124578","","","0"],["32656565","","","0"],["32789456","","","0"],["33000019","","","0"],["33002984","","","0"],["33022842","","","0"],["34010100","","","0"],["34010199","","","0"],["34010602","","","0"],["35122112","","","0"],["35451236","","","0"],["35963852","","","0"],["38128456","","","0"],["38546552","","","0"],["38632147","","","0"],["40000","","","0"],["41231215","","","0"],["41497647","","","0"],["41597832","","","0"],["42147258","","","0"],["42258258","","","0"],["42369147","","","0"],["43687129","","","0"],["43852147","","","0"],["43871144","","","0"],["44171511","","","0"],["44180220","","","0"],["44756404","","","0"],["45282828","","","0"],["45282829","","","0"],["45779977","","","0"],["45979797","","","0"],["46251425","","","0"],["46525241","","","0"],["46897889","","","0"],["47523687","","","0"],["47563218","","","0"],["47586954","","","0"],["49525252","","","0"],["49633663","","","0"],["49858585","","","0"],["50000","","","0"],["60000","","","0"],["61000","","","0"],["62000","","","0"],["C00010","","","0"],["C00020","","","0"],["IC1020","","","0"],["IC1030","","","0"]]}