{"TableId":23,"TableName":"Vendor","PageNo":1,"FieldIDs":[1,50000,50001,50002],"FieldNames":["No.","Additional Code","Additional Description","Additional Ref. No."],"Records":[["01254796","","","0"],["01587796","","","0"],["01863656","","","0"],["01905283","","","0"],["01905382","","","0"],["01905777","","","0"],["10000","B1000","Supermercato del legno 2","1"],["20000","B2000","MK Service 2","2"],["20300190","","","0"],["20319939","","","0"],["20323323","","","0"],["21201992","","","0"],["21218838","","","0"],["21248839","","","0"],["27299299","","","0"],["27833998","","","0"],["27889998","","","0"],["30000","B3000","Bochies caldaie 2","3"],["31147896","","","0"],["31568974","","","0"],["31580305","","","0"],["32456123","","","0"],["32554455","","","0"],["32665544","","","0"],["33012999","","","0"],["33299199","","","0"],["33399927","","","0"],["34110257","","","0"],["34151086","","","0"],["34280789","","","0"],["35225588","","","0"],["35336699","","","0"],["35741852","","","0"],["38458653","","","0"],["38521479","","","0"],["38654478","","","0"],["40000","","","0"],["41124089","","","0"],["41483124","","","0"],["41568934","","","0"],["42125678","","","0"],["42784512","","","0"],["42895623","","","0"],["43258545","","","0"],["43589632","","","0"],["43698547","","","0"],["44127904","","","0"],["44127914","","","0"],["44729910","","","0"],["44756404","","","0"],["45774477","","","0"],["45858585","","","0"],["45868686","","","0"],["46558855","","","0"],["46635241","","","0"],["46895623","","","0"],["47521478","","","0"],["47562214","","","0"],["47586622","","","0"],["49454647","","","0"],["49494949","","","0"],["49989898","","","0"],["50000","","","0"],["60000","","","0"],["61000","","","0"],["62000","","","0"],["70000","","","0"],["F00010","","","0"],["F00020","","","0"],["IC1020","","","0"],["IC1030","","","0"]]}